[
{"type":"mouse_down","ts":"2026-02-12T18:16:45.817Z","t":5315,"x":1251,"y":1045,"button":1},
{"type":"mouse_up","ts":"2026-02-12T18:16:45.912Z","t":5410,"x":1251,"y":1045,"button":1},
{"type":"mouse_down","ts":"2026-02-12T18:16:49.343Z","t":8841,"x":1068,"y":592,"button":1},
{"type":"mouse_up","ts":"2026-02-12T18:16:49.444Z","t":8942,"x":1068,"y":592,"button":1},
{"type":"mouse_down","ts":"2026-02-12T18:16:49.511Z","t":9009,"x":1068,"y":592,"button":1},
{"type":"mouse_up","ts":"2026-02-12T18:16:49.623Z","t":9121,"x":1068,"y":592,"button":1},
{"type":"mouse_down","ts":"2026-02-12T18:16:50.948Z","t":10446,"x":1068,"y":592,"button":1},
{"type":"mouse_up","ts":"2026-02-12T18:16:51.011Z","t":10509,"x":1068,"y":592,"button":1},
{"type":"key_down","ts":"2026-02-12T18:16:53.120Z","t":12618,"keycode":38,"rawcode":null,"keychar":null,"char":null},
{"type":"key_up","ts":"2026-02-12T18:16:53.120Z","t":12618,"keycode":38,"rawcode":null,"keychar":null},
{"type":"key_down","ts":"2026-02-12T18:16:53.563Z","t":13061,"keycode":38,"rawcode":null,"keychar":null,"char":null},
{"type":"key_up","ts":"2026-02-12T18:16:53.564Z","t":13062,"keycode":38,"rawcode":null,"keychar":null},
{"type":"mouse_down","ts":"2026-02-12T18:16:58.484Z","t":17982,"x":1207,"y":598,"button":1},
{"type":"mouse_up","ts":"2026-02-12T18:16:58.524Z","t":18022,"x":1207,"y":598,"button":1},
{"type":"mouse_down","ts":"2026-02-12T18:17:15.806Z","t":35304,"x":1363,"y":1051,"button":1},
{"type":"mouse_up","ts":"2026-02-12T18:17:15.848Z","t":35346,"x":1363,"y":1051,"button":1},
{"type":"key_down","ts":"2026-02-12T18:17:17.303Z","t":36801,"keycode":28,"rawcode":null,"keychar":null,"char":null},
{"type":"key_up","ts":"2026-02-12T18:17:17.356Z","t":36854,"keycode":28,"rawcode":null,"keychar":null},
{"type":"mouse_down","ts":"2026-02-12T18:17:18.347Z","t":37845,"x":900,"y":533,"button":1},
{"type":"mouse_up","ts":"2026-02-12T18:17:18.415Z","t":37913,"x":900,"y":533,"button":1},
{"type":"key_down","ts":"2026-02-12T18:17:18.946Z","t":38444,"keycode":29,"rawcode":null,"keychar":null,"char":null},
{"type":"key_down","ts":"2026-02-12T18:17:19.184Z","t":38682,"keycode":46,"rawcode":null,"keychar":null,"char":null}
]
